Country,ISO2,Continent,flag_url,gdp,sex_ratio,surface_area,life_expectancy_male,unemployment,homicide_rate,urban_population_growth,secondary_school_enrollment_female,employment_agriculture,co2_emissions,forested_area,tourists,life_expectancy_female,post_secondary_enrollment_female,post_secondary_enrollment_male,primary_school_enrollment_female,infant_mortality,gdp_growth,population,urban_population,secondary_school_enrollment_male,pop_growth,region,pop_density,internet_users,gdp_per_capita,fertility,refugees,primary_school_enrollment_male,employment_industry,employment_services,imports,exports,capital
Afghanistan,AF,Asia,https://api-ninjas-data.s3.us-west-2.amazonaws.com/flags/4x3/DlKrXnf9/af.svg,20514.0,105.4,652864.0,62.8,11.2,6.7,4.0,40.0,42.4,,2.1,,65.8,4.9,14.2,82.9,51.7,-1.7,38928.0,25.8,70.1,2.5,Southern Asia,59.6,13.5,551.9,4.6,2826.4,124.2,18.3,39.4,8370.0,1038.0,Kabul
Albania,AL,Europe,https://api-ninjas-data.s3.us-west-2.amazonaws.com/flags/4x3/4Vk7Tr9s/al.svg,15059.0,103.7,28748.0,76.7,12.8,2.3,1.8,95.7,36.1,4.3,28.2,5340.0,80.1,67.6,43.0,109.1,8.0,4.1,2878.0,61.2,95.2,-0.1,Southern Europe,105.0,71.8,5223.8,1.6,4.3,105.2,20.2,43.7,5908.0,2720.0,Tirana
Algeria,DZ,Africa,https://api-ninjas-data.s3.us-west-2.amazonaws.com/flags/4x3/1WK4rgqM/dz.svg,173757.0,102.1,2381741.0,75.4,11.5,1.4,2.9,101.5,9.7,130.5,0.8,2657.0,77.8,64.4,38.8,107.3,21.2,1.4,43851.0,73.2,97.8,2.0,Northern Africa,18.4,49.0,4114.7,3.0,99.5,112.4,30.7,59.6,45140.0,34571.0,Algiers
Andorra,AD,Europe,https://api-ninjas-data.s3.us-west-2.amazonaws.com/flags/4x3/kSezcqOa/ad.svg,3238.0,102.3,468.0,,,0.0,-1.7,,,,34.0,3042.0,,,,,,1.6,77.0,88.0,,-0.2,Southern Europe,164.2,91.6,42051.6,1.2,,,,,1538.0,124.0,Andorra La Vella
Angola,AO,Africa,https://api-ninjas-data.s3.us-west-2.amazonaws.com/flags/4x3/Y4ulwkTf/ao.svg,105902.0,97.9,1246700.0,57.8,6.8,4.8,4.7,39.7,50.2,18.0,46.4,218.0,63.4,8.5,10.2,105.9,61.5,-1.2,32866.0,66.2,61.8,3.3,Middle Africa,26.4,14.3,3437.3,5.6,70.1,121.1,8.1,41.7,21340.0,50822.0,Luanda
Argentina,AR,South America,https://api-ninjas-data.s3.us-west-2.amazonaws.com/flags/4x3/5T5kKv7x/ar.svg,518475.0,95.3,2780400.0,73.0,10.4,5.3,1.2,111.0,0.1,183.4,9.9,6942.0,79.8,112.8,67.8,109.6,10.2,-2.5,45196.0,92.0,106.5,1.0,South America,16.5,74.3,11687.6,2.3,165.6,109.9,21.0,78.9,49125.0,65114.0,Buenos Aires
Armenia,AM,Asia,https://api-ninjas-data.s3.us-west-2.amazonaws.com/flags/4x3/sxCyz2YN/am.svg,12433.0,88.8,29743.0,71.1,16.6,1.7,0.2,84.8,28.9,5.2,11.7,1652.0,78.3,62.6,47.1,92.7,10.8,5.2,2963.0,63.2,81.7,0.3,Western Asia,104.1,64.7,4212.1,1.8,19.0,92.7,17.5,53.6,5053.0,2612.0,Yerevan
Australia,AU,Oceania,https://api-ninjas-data.s3.us-west-2.amazonaws.com/flags/4x3/8EmIAEd8/au.svg,1453871.0,99.2,7692060.0,81.2,5.3,0.9,1.6,141.2,2.5,384.6,16.2,9246.0,85.2,133.3,93.8,100.3,3.1,2.0,25500.0,86.1,159.0,1.3,Oceania,3.3,86.5,58392.7,1.8,129.2,100.3,19.8,77.7,221481.0,266377.0,Canberra
Austria,AT,Europe,https://api-ninjas-data.s3.us-west-2.amazonaws.com/flags/4x3/2bbhl1nv/at.svg,455508.0,97.2,83871.0,78.9,4.8,1.0,0.7,98.3,3.5,64.9,46.9,30816.0,83.8,92.5,78.1,103.0,3.2,2.4,9006.0,58.5,102.5,0.7,Western Europe,109.3,87.5,51230.3,1.5,163.7,103.2,25.0,71.5,176596.0,171532.0,Vienna
Azerbaijan,AZ,Asia,https://api-ninjas-data.s3.us-west-2.amazonaws.com/flags/4x3/OcbgHB3y/az.svg,46939.0,99.8,86600.0,70.3,6.0,2.2,1.7,94.5,35.5,30.8,13.8,2633.0,75.3,29.7,25.9,100.0,20.8,1.4,10139.0,56.0,94.4,1.0,Western Asia,122.7,79.8,4717.7,2.1,625.2,99.5,15.0,49.5,13649.0,19636.0,Baku
Bahamas,BS,North America,https://api-ninjas-data.s3.us-west-2.amazonaws.com/flags/4x3/PxUjn74n/bs.svg,12424.0,94.5,13940.0,71.5,11.3,32.0,1.5,71.6,2.1,,51.4,1633.0,75.9,,,81.2,5.9,1.6,393.0,83.1,67.3,1.0,Caribbean,39.3,85.0,32218.1,1.8,0.0,81.6,14.0,83.9,4087.0,494.0,Nassau
Bahrain,BH,Asia,https://api-ninjas-data.s3.us-west-2.amazonaws.com/flags/4x3/Cpe3zW9P/bh.svg,37876.0,183.1,771.0,76.2,0.8,0.5,2.1,101.7,1.0,29.8,0.8,12045.0,78.2,67.8,37.0,98.8,6.0,2.5,1702.0,89.4,95.8,4.3,Western Asia,2238.9,98.6,24133.5,2.0,0.3,100.0,35.1,64.0,18680.0,14355.0,Manama
Bangladesh,BD,Asia,https://api-ninjas-data.s3.us-west-2.amazonaws.com/flags/4x3/wQImGomf/bd.svg,269628.0,102.2,147570.0,70.5,4.2,2.4,3.5,78.3,37.7,78.3,11.0,1026.0,74.1,17.0,24.0,120.8,26.8,7.9,164689.0,37.4,67.4,1.1,Southern Asia,1265.2,15.0,1670.8,2.1,911.8,112.4,21.6,40.6,66060.0,34186.0,Dhaka
Barbados,BB,North America,https://api-ninjas-data.s3.us-west-2.amazonaws.com/flags/4x3/fAqjxo9g/bb.svg,5087.0,93.8,431.0,77.6,10.9,9.8,-0.1,105.8,2.6,,14.7,680.0,80.4,90.6,40.3,97.5,10.0,-0.4,287.0,31.2,101.8,0.1,Caribbean,668.3,81.8,17745.9,1.6,0.0,101.2,18.9,78.5,1618.0,462.0,Bridgetown
Belarus,BY,Europe,https://api-ninjas-data.s3.us-west-2.amazonaws.com/flags/4x3/xhXdvQCJ/by.svg,59662.0,87.1,207600.0,69.3,4.6,2.4,0.7,101.7,10.8,54.1,42.5,11502.0,79.3,95.1,80.2,100.4,3.0,3.0,9449.0,79.0,103.1,0.0,Eastern Europe,46.6,79.1,6311.7,1.7,8.6,100.6,30.2,59.0,39317.0,32764.0,Minsk
Belgium,BE,Europe,https://api-ninjas-data.s3.us-west-2.amazonaws.com/flags/4x3/sYJZUWmL/be.svg,543026.0,98.3,30528.0,79.0,5.7,1.7,0.7,167.8,0.9,90.4,22.6,9119.0,83.7,90.5,69.3,104.0,2.8,1.5,11590.0,98.0,149.7,0.5,Western Europe,382.7,88.7,47293.0,1.7,83.5,103.9,20.6,78.4,426489.0,445214.0,Brussels
Belize,BZ,North America,https://api-ninjas-data.s3.us-west-2.amazonaws.com/flags/4x3/BTrp4lV0/bz.svg,1871.0,98.9,22966.0,71.4,6.4,37.8,2.3,87.1,16.6,,59.9,489.0,77.6,30.5,18.8,108.7,12.8,2.1,398.0,45.9,83.7,1.9,Central America,17.4,47.1,4884.7,2.3,6.5,114.6,15.7,67.7,986.0,245.0,Belmopan
Benin,BJ,Africa,https://api-ninjas-data.s3.us-west-2.amazonaws.com/flags/4x3/tnebKk2C/bj.svg,10412.0,99.8,114763.0,59.8,2.0,1.1,4.0,50.7,38.0,6.8,38.2,295.0,62.8,7.5,17.0,118.0,61.1,6.5,12123.0,47.9,67.1,2.7,Western Africa,107.5,20.0,906.5,4.9,1.6,125.8,19.1,42.9,3967.0,1706.0,Porto-Novo
Bhutan,BT,Asia,https://api-ninjas-data.s3.us-west-2.amazonaws.com/flags/4x3/VlCKUGJm/bt.svg,2658.0,113.4,38394.0,71.0,2.4,1.2,3.7,95.7,54.6,,72.2,274.0,71.6,15.5,15.6,100.2,24.1,5.8,772.0,41.6,84.7,1.2,Southern Asia,20.2,48.1,3523.8,2.0,,100.1,11.1,34.3,1049.0,659.0,Thimphu
Bolivia,BO,South America,https://api-ninjas-data.s3.us-west-2.amazonaws.com/flags/4x3/w5DxuaAw/bo.svg,40288.0,100.7,1098581.0,68.3,3.4,6.2,2.1,88.8,30.4,21.9,50.6,1142.0,74.0,,,97.6,29.7,4.2,11673.0,69.8,90.7,1.4,South America,10.8,44.3,3548.6,2.8,0.9,98.6,19.4,50.3,9783.0,8988.0,Sucre
Bosnia and Herzegovina,BA,Europe,https://api-ninjas-data.s3.us-west-2.amazonaws.com/flags/4x3/NPUsYAUG/ba.svg,19782.0,96.0,51209.0,74.6,18.4,1.2,-0.3,,15.1,22.3,42.7,1053.0,79.6,,,,6.0,2.6,3281.0,48.6,,-0.9,Southern Europe,64.3,70.1,5951.4,1.3,151.7,,32.3,52.6,11159.0,6578.0,Sarajevo
Botswana,BW,Africa,https://api-ninjas-data.s3.us-west-2.amazonaws.com/flags/4x3/AE8ssqot/bw.svg,18615.0,93.9,582000.0,66.0,18.7,15.2,3.3,83.5,20.4,7.7,19.1,1623.0,71.9,29.2,20.5,102.1,30.2,4.5,2352.0,70.2,76.4,2.1,Southern Africa,4.1,47.0,8258.2,2.9,2.3,104.4,18.1,61.5,6559.0,5238.0,Gaborone
Brazil,BR,South America,https://api-ninjas-data.s3.us-west-2.amazonaws.com/flags/4x3/7931ZmDc/br.svg,1868613.0,96.6,8515767.0,71.9,12.0,27.4,1.2,102.4,9.1,427.6,59.0,6621.0,79.3,59.4,43.5,113.4,13.0,1.1,212559.0,86.8,99.3,0.8,South America,25.4,70.4,8920.7,1.7,271.6,117.4,19.6,71.3,177348.0,225383.0,Brasilia
Brunei Darussalam,BN,Asia,https://api-ninjas-data.s3.us-west-2.amazonaws.com/flags/4x3/bKWASJuK/bn.svg,13567.0,107.8,5765.0,74.5,9.0,0.5,1.9,94.6,1.3,6.7,72.1,278.0,76.9,38.7,24.8,103.6,7.9,0.1,438.0,77.9,92.4,1.1,South-Eastern Asia,83.0,94.9,31627.2,1.8,20.9,102.7,15.8,82.8,5103.0,7039.0,Bandar Seri Begawan
Bulgaria,BG,Europe,https://api-ninjas-data.s3.us-west-2.amazonaws.com/flags/4x3/HM1WJvMu/bg.svg,66199.0,94.4,111002.0,71.3,3.8,1.3,-0.2,96.8,6.3,42.8,35.2,9273.0,78.5,78.8,63.7,89.1,6.3,3.1,6948.0,75.3,99.5,-0.7,Eastern Europe,64.0,64.8,9387.8,1.6,21.2,89.6,30.1,63.7,37902.0,33638.0,Sofia
Burkina Faso,BF,Africa,https://api-ninjas-data.s3.us-west-2.amazonaws.com/flags/4x3/5IH3TS6V/bf.svg,16200.0,99.9,272967.0,60.1,6.4,1.3,5.2,40.7,24.7,,19.6,144.0,61.6,4.8,8.2,95.3,54.2,6.8,20903.0,30.0,40.7,2.9,Western Africa,76.4,16.0,820.2,5.2,196.3,96.9,33.9,41.4,5193.0,2927.0,Ouagadougou
Burundi,BI,Africa,https://api-ninjas-data.s3.us-west-2.amazonaws.com/flags/4x3/g0qlg2JG/bi.svg,3285.0,98.5,27830.0,59.2,1.4,6.1,5.6,51.1,92.0,,10.7,299.0,62.8,3.8,8.4,122.2,42.4,0.1,11891.0,13.4,45.8,3.1,Eastern Africa,463.0,2.7,294.0,5.4,121.2,120.7,1.4,6.5,792.0,155.0,Gitega
Cabo Verde,CV,Africa,https://api-ninjas-data.s3.us-west-2.amazonaws.com/flags/4x3/1PR2RnJQ/cv.svg,1977.0,100.8,4033.0,69.2,12.3,6.8,2.0,92.5,11.1,,22.3,710.0,75.9,28.3,19.0,100.5,16.9,5.1,556.0,66.2,83.9,1.2,Western Africa,138.0,57.2,3635.4,2.3,0.1,107.5,22.1,66.8,941.0,76.0,Praia
Cambodia,KH,Asia,https://api-ninjas-data.s3.us-west-2.amazonaws.com/flags/4x3/05VTn9vl/kh.svg,24572.0,95.4,181035.0,67.2,0.7,1.8,3.4,41.6,31.2,10.8,53.6,6201.0,71.5,12.9,14.4,106.1,23.7,7.5,16719.0,23.8,48.7,1.5,South-Eastern Asia,94.7,40.0,1512.1,2.5,57.4,108.7,29.6,39.2,21413.0,14276.0,Phnom Penh
Cameroon,CM,Africa,https://api-ninjas-data.s3.us-west-2.amazonaws.com/flags/4x3/mmxRczZI/cm.svg,38694.0,100.1,475650.0,57.5,3.4,1.4,3.8,55.4,42.9,6.2,39.8,1081.0,60.0,11.4,14.1,98.0,61.2,4.1,26546.0,57.0,64.6,2.6,Middle Africa,56.2,23.2,1534.5,4.6,1463.2,108.7,15.1,42.1,3262.0,1750.0,Yaoundã
Canada,CA,North America,https://api-ninjas-data.s3.us-west-2.amazonaws.com/flags/4x3/tqQVp6Ry/ca.svg,1712562.0,98.5,9984670.0,80.2,5.4,1.8,1.1,114.5,1.4,547.8,38.7,21134.0,84.2,79.3,59.1,100.8,4.5,1.9,37742.0,81.5,113.0,0.9,Northern America,4.2,91.0,46192.4,1.5,189.8,101.1,19.4,79.2,453234.0,446148.0,Ottawa
Central African Republic,CF,Africa,https://api-ninjas-data.s3.us-west-2.amazonaws.com/flags/4x3/8D0085nh/cf.svg,2243.0,98.3,622984.0,50.5,3.7,20.1,1.1,13.8,77.1,,35.6,107.0,54.9,1.6,4.4,89.4,81.9,4.3,4830.0,41.8,20.5,1.4,Middle Africa,7.8,4.3,480.7,4.8,712.6,114.6,5.4,17.5,89.0,324.0,Bangui
Chad,TD,Africa,https://api-ninjas-data.s3.us-west-2.amazonaws.com/flags/4x3/nbvlpGFC/td.svg,11387.0,99.7,1284000.0,52.4,1.9,,3.8,14.2,76.3,,3.9,87.0,55.2,1.5,5.0,75.5,74.5,2.4,16426.0,23.3,30.9,3.0,Middle Africa,13.0,6.5,735.7,5.8,667.4,98.2,2.1,21.6,319.0,613.0,N'djamena
Chile,CL,South America,https://api-ninjas-data.s3.us-west-2.amazonaws.com/flags/4x3/oTekG21d/cl.svg,298231.0,97.3,756102.0,77.4,7.1,4.4,1.0,102.0,8.8,86.1,23.9,5723.0,82.3,94.7,82.5,99.9,6.7,4.0,19116.0,87.6,101.6,1.2,South America,25.7,82.3,15923.4,1.6,385.5,102.9,22.0,69.2,69591.0,69681.0,Santiago
China,CN,Asia,https://api-ninjas-data.s3.us-west-2.amazonaws.com/flags/4x3/KIVOnztM/cn.svg,13608152.0,105.3,9600000.0,74.5,4.4,0.5,2.9,88.0,24.7,9257.9,22.1,62900.0,79.0,55.9,45.9,100.8,9.9,6.6,1439324.0,60.3,88.3,0.5,Eastern Asia,153.3,54.3,9531.9,1.7,322.4,99.7,28.2,47.1,2070150.0,2491820.0,Beijing
Colombia,CO,South America,https://api-ninjas-data.s3.us-west-2.amazonaws.com/flags/4x3/Ajw0sGbz/co.svg,330228.0,96.5,1141748.0,74.2,9.7,25.3,1.4,100.1,16.5,75.3,52.7,3904.0,79.8,59.7,51.1,112.8,12.6,2.7,50883.0,81.1,95.0,1.4,South America,45.9,64.1,6649.6,1.8,9717.2,116.2,20.0,63.5,52696.0,39489.0,Bogota
Comoros,KM,Africa,https://api-ninjas-data.s3.us-west-2.amazonaws.com/flags/4x3/CYnVvu0v/km.svg,1166.0,101.8,2235.0,62.3,4.4,,2.7,61.4,49.9,,19.9,36.0,65.8,8.0,9.9,99.4,53.1,3.0,870.0,29.2,57.6,2.2,Eastern Africa,467.3,8.5,1400.5,4.2,0.0,99.6,13.0,37.0,201.0,49.0,Moroni
Congo (Congo-Brazzaville),CG,Africa,https://api-ninjas-data.s3.us-west-2.amazonaws.com/flags/4x3/BF8UvKpZ/cg.svg,,,,,,,,,,,,,,,,,,,,,,,,,,,,,,,,,,
Costa Rica,CR,North America,https://api-ninjas-data.s3.us-west-2.amazonaws.com/flags/4x3/Y3NmLLLP/cr.svg,60126.0,99.8,51100.0,77.4,12.7,11.3,2.5,137.7,11.9,7.6,54.0,3017.0,82.7,60.7,50.0,113.8,7.3,2.7,5094.0,80.1,128.1,1.0,Central America,99.8,74.1,12026.5,1.8,79.2,112.8,19.8,68.3,16106.0,11449.0,San Josã
Croatia,HR,Europe,https://api-ninjas-data.s3.us-west-2.amazonaws.com/flags/4x3/RytnoeYA/hr.svg,60991.0,93.1,56594.0,75.0,7.1,0.6,-0.1,101.8,5.8,16.2,34.0,16645.0,81.4,78.8,57.4,96.5,4.0,2.7,4105.0,57.2,97.1,-0.6,Southern Europe,73.4,75.3,14674.0,1.4,8.3,96.4,27.5,66.8,28004.0,17063.0,Zagreb
Cuba,CU,North America,https://api-ninjas-data.s3.us-west-2.amazonaws.com/flags/4x3/ZKfQII5h/cu.svg,100023.0,98.6,109884.0,76.7,1.6,5.0,0.3,101.9,17.3,26.2,30.8,4684.0,80.7,51.0,32.3,99.6,4.5,2.2,11327.0,77.1,100.4,0.0,Caribbean,106.4,57.1,8821.8,1.6,0.3,104.1,16.8,65.9,7498.0,828.0,Havana
Cyprus,CY,Asia,https://api-ninjas-data.s3.us-west-2.amazonaws.com/flags/4x3/RrmFBPge/cy.svg,24963.0,99.9,9251.0,78.6,7.2,1.3,0.7,99.5,2.0,6.4,18.7,3939.0,82.8,82.4,69.6,99.4,3.5,4.1,1207.0,66.8,101.1,0.8,Western Asia,130.7,84.4,28967.6,1.3,33.3,99.3,16.3,81.7,9219.0,3528.0,Nicosia
Czechia,CZ,Europe,https://api-ninjas-data.s3.us-west-2.amazonaws.com/flags/4x3/zKdBMHpu/cz.svg,245226.0,97.0,78868.0,76.5,1.9,0.6,0.2,103.9,2.6,101.7,34.5,13665.0,81.8,75.3,53.4,101.0,2.3,3.0,10709.0,73.9,103.1,0.2,Eastern Europe,138.6,80.7,22992.1,1.6,5.7,100.4,37.1,60.2,178552.0,198852.0,Prague
Denmark,DK,Europe,https://api-ninjas-data.s3.us-west-2.amazonaws.com/flags/4x3/USQ7lckL/dk.svg,355675.0,98.9,42921.0,78.7,4.8,1.0,0.6,129.8,2.1,31.3,15.3,12749.0,82.7,93.6,68.4,100.9,3.1,2.4,5792.0,88.0,128.4,0.4,Northern Europe,136.5,97.3,61833.7,1.8,47.4,101.6,18.3,79.6,97196.0,109942.0,Copenhagen
Djibouti,DJ,Africa,https://api-ninjas-data.s3.us-west-2.amazonaws.com/flags/4x3/fzPc552m/dj.svg,2923.0,110.7,23200.0,64.6,10.3,,1.8,52.9,32.4,,0.2,63.0,68.7,4.6,6.0,75.1,33.4,5.6,988.0,77.9,51.2,1.6,Eastern Africa,42.6,55.7,3048.6,2.8,30.1,75.4,13.3,54.3,1344.0,143.0,Djibouti
Dominica,DM,North America,https://api-ninjas-data.s3.us-west-2.amazonaws.com/flags/4x3/MICJXwW8/dm.svg,551.0,103.0,750.0,73.8,,26.6,0.9,93.8,,,57.8,63.0,78.2,,,113.2,,2.3,75.0,70.8,94.7,0.5,Caribbean,100.1,69.6,7691.3,,,116.2,,,304.0,18.0,Roseau
Dominican Republic,DO,North America,https://api-ninjas-data.s3.us-west-2.amazonaws.com/flags/4x3/ggfztdlU/do.svg,81299.0,99.8,48671.0,70.7,5.9,10.0,2.5,83.0,8.8,21.4,41.0,6569.0,77.1,77.0,43.0,102.5,25.9,7.0,10848.0,81.8,77.0,1.1,Caribbean,224.5,74.8,7650.1,2.4,28.9,108.8,19.9,71.3,20599.0,11117.0,Santo Domingo
Ecuador,EC,South America,https://api-ninjas-data.s3.us-west-2.amazonaws.com/flags/4x3/MZTAWuxX/ec.svg,108398.0,100.1,257217.0,74.0,4.2,5.8,1.8,102.8,29.4,34.3,50.5,2535.0,79.6,48.4,41.5,104.1,13.6,1.4,17643.0,64.0,100.1,1.7,South America,71.0,57.3,6344.9,2.4,420.5,102.4,18.2,52.5,22425.0,22245.0,Quito
Egypt,EG,Africa,https://api-ninjas-data.s3.us-west-2.amazonaws.com/flags/4x3/YQGlnnpV/eg.svg,249751.0,102.1,1002000.0,69.5,10.1,2.6,2.1,87.3,23.3,209.2,0.1,11196.0,74.1,35.8,34.6,106.5,15.6,5.3,102334.0,42.7,88.5,2.0,Northern Africa,102.8,46.9,2537.5,3.3,319.5,106.1,28.2,48.6,78658.0,30633.0,Cairo
El Salvador,SV,North America,https://api-ninjas-data.s3.us-west-2.amazonaws.com/flags/4x3/eurVtvP4/sv.svg,26057.0,88.0,21041.0,68.1,4.2,52.0,1.7,71.4,16.0,5.7,12.8,1677.0,77.5,31.1,27.5,93.3,14.6,2.5,6486.0,72.7,71.9,0.5,Central America,313.0,33.8,4058.2,2.1,75.3,96.3,22.1,62.0,12018.0,5943.0,San Salvador
Equatorial Guinea,GQ,Africa,https://api-ninjas-data.s3.us-west-2.amazonaws.com/flags/4x3/4a3UW50J/gq.svg,13324.0,125.3,28052.0,57.3,6.5,,5.6,22.1,42.5,,55.9,,59.4,,,61.6,66.1,-4.7,1403.0,72.6,29.9,3.7,Middle Africa,50.0,26.2,10179.2,4.6,,62.0,18.5,38.9,3902.0,3939.0,Malabo
Eritrea,ER,Africa,https://api-ninjas-data.s3.us-west-2.amazonaws.com/flags/4x3/RAlzdC8i/er.svg,6855.0,100.5,117600.0,63.6,5.2,,3.6,45.4,60.8,0.6,15.0,142.0,68.0,2.8,3.9,63.1,34.7,4.2,3546.0,40.7,49.9,1.2,Eastern Africa,35.1,1.3,1985.4,4.1,0.9,73.6,8.5,30.7,5677.0,18.0,Asmara
Estonia,EE,Europe,https://api-ninjas-data.s3.us-west-2.amazonaws.com/flags/4x3/zbpCvY59/ee.svg,30747.0,90.0,45227.0,74.0,5.4,2.1,-0.2,118.9,3.1,16.0,51.3,3234.0,82.5,84.8,55.4,97.3,2.0,4.8,1326.0,69.1,116.2,0.2,Northern Europe,31.3,89.4,23241.9,1.6,77.0,97.2,29.4,67.6,18659.0,16811.0,Tallinn
Eswatini,SZ,Africa,https://api-ninjas-data.s3.us-west-2.amazonaws.com/flags/4x3/W0XsoZe8/sz.svg,4711.0,96.7,17363.0,55.2,22.0,11.6,2.6,82.2,12.3,,34.1,782.0,63.9,6.6,7.0,110.3,41.4,2.4,1160.0,24.0,82.6,1.0,Southern Africa,67.5,47.0,4145.7,3.0,1.8,119.9,23.5,64.2,1832.0,2002.0,Mbabane
Ethiopia,ET,Africa,https://api-ninjas-data.s3.us-west-2.amazonaws.com/flags/4x3/kUPwIikA/et.svg,80292.0,100.1,1104300.0,64.1,2.1,8.8,4.9,34.2,65.6,13.1,12.5,849.0,67.9,5.3,10.9,96.1,37.0,6.8,114964.0,21.2,35.6,2.6,Eastern Africa,115.0,18.6,735.1,4.3,5444.5,105.8,10.4,24.0,9675.0,938.0,Addis Ababa
Fiji,FJ,Oceania,https://api-ninjas-data.s3.us-west-2.amazonaws.com/flags/4x3/iU0sdqoO/fj.svg,5537.0,102.6,18272.0,65.6,4.1,2.3,1.7,94.3,35.7,,55.7,870.0,69.1,17.6,14.7,105.2,20.3,3.5,896.0,56.8,85.7,0.6,Melanesia,49.1,50.0,6267.0,2.8,0.0,107.6,13.3,51.0,2650.0,1137.0,Suva
Finland,FI,Europe,https://api-ninjas-data.s3.us-west-2.amazonaws.com/flags/4x3/rEBVw9gM/fi.svg,276878.0,97.3,338440.0,78.8,6.7,1.6,0.8,161.5,3.5,42.6,73.1,3224.0,84.5,95.7,81.0,99.9,1.7,1.7,5541.0,85.4,146.8,0.2,Northern Europe,18.2,88.9,50135.7,1.5,35.0,100.4,22.0,74.5,73335.0,72802.0,Helsinki
France,FR,Europe,https://api-ninjas-data.s3.us-west-2.amazonaws.com/flags/4x3/BCyLfEtS/fr.svg,2778892.0,93.8,551500.0,79.4,8.3,1.2,0.8,104.1,2.4,306.1,31.0,89322.0,85.4,72.8,58.7,102.2,3.0,1.7,65274.0,80.7,103.5,0.3,Western Europe,119.2,82.0,41358.1,1.9,473.4,102.8,19.9,77.7,651164.0,569757.0,Paris
Gabon,GA,Africa,https://api-ninjas-data.s3.us-west-2.amazonaws.com/flags/4x3/yI00VnoF/ga.svg,16994.0,103.7,267668.0,64.0,20.2,,3.9,,32.4,3.4,89.3,269.0,68.2,,,137.7,35.3,1.2,2226.0,89.7,,2.7,Middle Africa,8.6,62.0,8018.8,4.0,0.7,142.1,10.8,56.9,2548.0,486.0,Libreville
Gambia,GM,Africa,https://api-ninjas-data.s3.us-west-2.amazonaws.com/flags/4x3/9I5sWbkI/gm.svg,1633.0,98.4,11295.0,60.2,9.1,,4.4,49.1,26.6,,48.2,552.0,63.0,2.2,3.2,102.5,44.8,6.5,2417.0,61.9,51.2,2.9,Western Africa,238.8,19.8,716.1,5.2,4.4,93.6,15.8,57.7,494.0,25.0,Banjul
Georgia,GE,Asia,https://api-ninjas-data.s3.us-west-2.amazonaws.com/flags/4x3/eT9CEXNo/ge.svg,17600.0,91.1,69700.0,69.1,14.7,2.2,-0.7,106.8,41.3,8.7,40.6,4757.0,77.9,68.1,60.2,99.2,9.4,4.8,3989.0,59.0,105.3,-0.2,Western Asia,57.4,62.7,4396.7,2.1,287.4,98.1,14.2,44.5,9098.0,3764.0,Tbilisi
Germany,DE,Europe,https://api-ninjas-data.s3.us-west-2.amazonaws.com/flags/4x3/h8RrJQRd/de.svg,3949549.0,97.8,357376.0,78.7,3.0,0.9,0.3,95.2,1.2,718.8,32.7,38881.0,83.6,70.7,69.8,104.2,3.2,1.5,83784.0,77.4,101.4,0.5,Western Europe,240.4,89.7,47513.7,1.6,1461.0,103.9,26.8,72.1,1240700.0,1493090.0,Berlin
Ghana,GH,Africa,https://api-ninjas-data.s3.us-west-2.amazonaws.com/flags/4x3/fFmk2Z0O/gh.svg,65535.0,102.8,238537.0,62.6,4.5,2.1,3.6,64.5,28.5,13.8,41.0,897.0,64.7,13.6,17.7,105.6,35.6,6.3,31073.0,56.7,64.6,2.2,Western Africa,136.6,39.0,2201.6,3.9,13.4,104.1,22.2,49.4,10440.0,16768.0,Accra
Greece,GR,Europe,https://api-ninjas-data.s3.us-west-2.amazonaws.com/flags/4x3/GiMg1SBB/gr.svg,218139.0,96.4,131957.0,79.5,15.5,0.9,0.1,101.4,11.7,63.2,31.5,30123.0,84.5,137.0,136.2,99.6,2.8,1.9,10423.0,79.4,107.5,-0.4,Southern Europe,80.9,73.0,20731.2,1.3,147.1,99.5,15.2,73.1,62198.0,37886.0,Athens
Grenada,GD,North America,https://api-ninjas-data.s3.us-west-2.amazonaws.com/flags/4x3/wCsxM9Za/gd.svg,1169.0,101.5,345.0,70.1,,10.8,0.5,122.1,,,50.0,185.0,75.0,116.2,93.2,106.0,15.0,4.1,112.0,36.4,118.2,0.5,Caribbean,331.0,59.1,10485.9,2.1,0.0,107.7,,,470.0,32.0,Saint George's
Guatemala,GT,North America,https://api-ninjas-data.s3.us-west-2.amazonaws.com/flags/4x3/LB7mzDIW/gt.svg,78461.0,97.1,108889.0,71.0,2.5,22.5,2.7,51.4,31.3,15.7,33.0,1781.0,76.8,23.6,20.0,100.5,20.7,3.1,17916.0,51.4,54.0,1.9,Central America,167.2,65.0,4549.0,2.9,146.8,103.2,18.4,50.3,19871.0,11289.0,Guatemala City
Guinea,GN,Africa,https://api-ninjas-data.s3.us-west-2.amazonaws.com/flags/4x3/YVCZJPy8/gn.svg,11640.0,93.7,245857.0,60.3,4.3,,3.1,31.0,61.3,,25.9,99.0,61.5,7.0,16.2,82.4,51.6,5.8,13133.0,36.5,47.5,2.8,Western Africa,53.4,18.0,937.6,4.7,6.4,100.5,6.2,32.5,2032.0,2384.0,Conakry
Guinea-Bissau,GW,Africa,https://api-ninjas-data.s3.us-west-2.amazonaws.com/flags/4x3/zzqoWJxs/gw.svg,1459.0,95.8,36125.0,55.8,2.5,1.1,3.6,,67.8,,70.1,45.0,59.7,,,114.5,57.1,3.8,1968.0,43.8,,2.5,Western Africa,70.0,3.9,778.4,4.5,1.9,122.9,7.0,25.2,188.0,3731.0,Bissau
Guyana,GY,South America,https://api-ninjas-data.s3.us-west-2.amazonaws.com/flags/4x3/KiSuqWmb/gy.svg,3818.0,101.2,214969.0,66.7,11.8,14.2,0.4,99.2,16.8,,84.0,287.0,72.9,15.4,7.8,96.0,26.8,3.4,787.0,26.7,96.3,0.5,South America,4.0,37.3,4900.8,2.5,36.5,99.6,22.9,60.3,3467.0,1405.0,Georgetown
Haiti,HT,North America,https://api-ninjas-data.s3.us-west-2.amazonaws.com/flags/4x3/jPImCFfy/ht.svg,9287.0,97.4,27750.0,61.4,13.9,6.7,3.3,,28.3,3.3,3.5,447.0,65.7,,,,54.3,1.5,11402.0,56.2,,1.3,Caribbean,413.7,32.5,834.9,3.0,3.0,,6.6,65.0,3118.0,746.0,Port-Au-Prince
Honduras,HN,North America,https://api-ninjas-data.s3.us-west-2.amazonaws.com/flags/4x3/dOphVTAb/hn.svg,23970.0,99.9,112492.0,72.7,5.2,38.9,3.0,55.9,30.1,9.4,41.0,851.0,77.3,30.3,22.2,91.5,15.0,3.7,9905.0,57.7,48.6,1.7,Central America,88.5,31.7,2500.1,2.5,251.6,91.6,19.7,50.2,10059.0,4161.0,Tegucigalpa
Hungary,HU,Europe,https://api-ninjas-data.s3.us-west-2.amazonaws.com/flags/4x3/s8CR6N45/hu.svg,157883.0,90.8,93024.0,73.0,3.5,2.5,0.2,103.6,4.6,45.8,22.7,17552.0,80.1,53.9,43.3,100.5,4.1,5.1,9660.0,71.6,103.4,-0.2,Eastern Europe,106.7,76.1,16264.0,1.5,6.4,101.1,32.8,62.6,116556.0,121995.0,Budapest
Iceland,IS,Europe,https://api-ninjas-data.s3.us-west-2.amazonaws.com/flags/4x3/IWguYwsM/is.svg,25882.0,100.9,103000.0,81.2,3.2,0.9,0.6,116.9,3.8,2.2,0.5,2344.0,84.3,94.4,50.6,100.3,1.3,4.6,341.0,93.9,118.1,0.7,Northern Europe,3.4,99.0,76867.3,1.8,1.2,100.4,16.1,80.1,6579.0,5228.0,Reykjavik
India,IN,Asia,https://api-ninjas-data.s3.us-west-2.amazonaws.com/flags/4x3/Uo1QqQRq/in.svg,2779352.0,108.2,3287263.0,68.1,5.4,3.1,2.4,76.6,41.5,2161.6,23.8,17423.0,70.5,29.1,27.2,121.1,32.0,6.8,1380004.0,34.5,73.9,1.0,Southern Asia,464.1,34.4,2054.8,2.2,206.6,105.6,26.2,32.3,478884.0,323251.0,New Delhi
Indonesia,ID,Asia,https://api-ninjas-data.s3.us-west-2.amazonaws.com/flags/4x3/1iJWRPLs/id.svg,1042173.0,101.4,1910931.0,69.3,4.8,0.4,2.6,90.0,27.7,496.4,48.5,15810.0,73.6,39.0,33.8,104.6,18.9,5.2,273524.0,56.0,87.8,1.1,South-Eastern Asia,151.0,39.9,3893.5,2.3,14.0,108.1,22.7,49.6,170727.0,167003.0,Jakarta
Iran,IR,Asia,https://api-ninjas-data.s3.us-west-2.amazonaws.com/flags/4x3/YokF8sjs/ir.svg,473091.0,102.0,1628750.0,75.3,11.2,2.5,2.0,84.7,17.8,567.1,6.6,7295.0,77.6,62.9,73.3,113.9,12.8,-4.8,83993.0,75.4,87.9,1.4,Southern Asia,51.6,70.0,5783.5,2.2,979.5,107.7,30.3,51.9,20502.0,17394.0,Tehran
Iraq,IQ,Asia,https://api-ninjas-data.s3.us-west-2.amazonaws.com/flags/4x3/stAC3ao6/iq.svg,212272.0,102.5,435052.0,68.3,12.8,10.1,3.4,46.0,17.8,139.9,1.9,892.0,72.4,12.0,20.1,99.1,24.1,-1.0,40222.0,70.7,61.4,2.5,Western Asia,92.6,75.0,5523.1,3.7,2132.4,117.8,22.4,59.9,31372.0,4658.0,Baghdad
Ireland,IE,Europe,https://api-ninjas-data.s3.us-west-2.amazonaws.com/flags/4x3/lXOV8NsC/ie.svg,382674.0,98.6,69797.0,80.4,5.2,0.9,0.6,124.3,4.5,35.7,10.9,10926.0,83.7,82.0,73.7,100.7,2.7,8.2,4938.0,63.4,126.3,1.2,Northern Europe,71.7,84.5,79414.6,1.8,14.4,101.0,18.5,77.0,101473.0,170743.0,Dublin
Israel,IL,Asia,https://api-ninjas-data.s3.us-west-2.amazonaws.com/flags/4x3/tXts8DF4/il.svg,370588.0,99.1,22072.0,81.0,3.8,1.5,1.7,106.0,0.9,63.8,7.6,4121.0,84.3,74.5,52.8,105.4,2.7,3.4,8656.0,92.5,104.2,1.6,Western Asia,400.0,83.7,44214.9,3.0,55.1,104.4,16.8,82.3,76579.0,58488.0,Jerusalem
Italy,IT,Europe,https://api-ninjas-data.s3.us-west-2.amazonaws.com/flags/4x3/QZ9gn3qd/it.svg,2084882.0,94.9,302073.0,81.0,9.8,0.6,0.3,100.9,3.6,321.5,31.6,61567.0,85.4,71.5,53.0,100.3,2.6,0.8,60462.0,70.7,101.6,-0.0,Southern Europe,205.6,74.4,34388.5,1.3,261.4,103.4,25.6,70.8,473562.0,532684.0,Rome
Jamaica,JM,North America,https://api-ninjas-data.s3.us-west-2.amazonaws.com/flags/4x3/wbSuV8xB/jm.svg,15714.0,98.5,10990.0,72.8,8.0,43.9,0.8,83.6,15.7,7.0,31.0,2473.0,75.9,34.7,19.9,88.9,11.8,1.9,2961.0,56.0,81.0,0.5,Caribbean,273.4,55.1,5354.3,2.0,0.0,93.0,16.2,68.1,6339.0,1586.0,Kingston
Japan,JP,Asia,https://api-ninjas-data.s3.us-west-2.amazonaws.com/flags/4x3/eLvO6lyU/jp.svg,4971323.0,95.4,377930.0,81.3,2.3,0.3,0.0,,3.4,1132.4,68.5,31192.0,87.5,,,,1.8,0.8,126476.0,91.7,,-0.2,Eastern Asia,346.9,91.3,39082.1,1.4,31.5,,24.1,72.6,720895.0,705640.0,Tokyo
Jordan,JO,Asia,https://api-ninjas-data.s3.us-west-2.amazonaws.com/flags/4x3/Sc3eCUrO/jo.svg,42231.0,102.6,89318.0,72.7,14.6,1.4,5.8,64.2,3.0,25.6,1.1,4150.0,76.1,37.4,31.5,80.7,14.6,1.9,10203.0,91.2,62.1,1.9,Western Asia,114.9,66.8,4237.8,2.8,756.1,82.2,24.4,72.6,19669.0,8146.0,Amman
Kazakhstan,KZ,Asia,https://api-ninjas-data.s3.us-west-2.amazonaws.com/flags/4x3/KD1EsWA8/kz.svg,179340.0,94.3,2724902.0,68.8,4.6,5.1,1.7,113.8,15.4,255.8,1.2,4560.0,77.4,68.4,55.4,105.3,7.7,4.1,18777.0,57.5,112.7,1.3,Central Asia,7.0,78.9,9789.5,2.8,8.9,103.5,20.5,64.1,38357.0,57723.0,Nur-Sultan
Kenya,KE,Africa,https://api-ninjas-data.s3.us-west-2.amazonaws.com/flags/4x3/4vifDnLn/ke.svg,87906.0,98.8,591958.0,63.8,2.6,4.9,4.4,53.7,53.8,16.3,7.8,1364.0,68.5,9.7,13.2,103.4,36.3,6.3,53771.0,27.5,59.9,2.3,Eastern Africa,94.5,17.8,1710.5,3.5,492.5,103.0,7.4,38.7,19845.0,6526.0,Nairobi
Kiribati,KI,Oceania,https://api-ninjas-data.s3.us-west-2.amazonaws.com/flags/4x3/7cPqyebx/ki.svg,189.0,96.8,726.0,63.9,30.6,7.5,3.5,91.4,22.1,,15.0,7.0,72.0,,,104.9,43.0,2.3,119.0,54.8,82.7,1.5,Micronesia,147.5,14.6,1627.4,3.6,,97.9,16.1,61.8,554.0,10.0,Bairiki
Kuwait,KW,Asia,https://api-ninjas-data.s3.us-west-2.amazonaws.com/flags/4x3/17MJgdRq/kw.svg,141698.0,157.9,17818.0,74.6,2.3,1.8,5.4,101.0,2.0,89.4,0.4,8508.0,76.4,76.1,35.8,97.2,7.1,1.2,4271.0,100.0,94.9,2.1,Western Asia,239.7,99.6,34248.8,2.1,93.7,88.1,24.4,73.7,40063.0,81282.0,Kuwait City
Kyrgyzstan,KG,Asia,https://api-ninjas-data.s3.us-west-2.amazonaws.com/flags/4x3/Mv2UasIM/kg.svg,8093.0,97.9,199949.0,67.2,6.6,2.2,1.8,95.0,20.4,8.9,3.3,6947.0,75.4,46.7,36.0,107.2,15.5,3.5,6524.0,36.6,95.1,1.8,Central Asia,34.0,38.0,1283.8,3.0,0.6,107.9,24.7,54.9,5906.0,2517.0,Bishkek
Laos,LA,Asia,https://api-ninjas-data.s3.us-west-2.amazonaws.com/flags/4x3/VpzxRIFs/la.svg,,,,,,,,,,,,,,,,,,,,,,,,,,,,,,,,,,
Latvia,LV,Europe,https://api-ninjas-data.s3.us-west-2.amazonaws.com/flags/4x3/UQgincFI/lv.svg,34426.0,85.5,64573.0,69.9,6.5,4.4,-1.2,110.2,6.5,6.7,54.0,1946.0,79.8,105.1,72.0,99.5,3.3,4.6,1886.0,68.2,111.3,-1.1,Northern Europe,30.3,83.6,17851.6,1.7,225.5,99.3,23.7,69.8,17768.0,14447.0,Riga
Lebanon,LB,Asia,https://api-ninjas-data.s3.us-west-2.amazonaws.com/flags/4x3/oDQVMArT/lb.svg,56409.0,101.4,10452.0,77.0,6.3,2.5,6.2,,13.4,26.9,13.4,1964.0,80.8,,,,9.4,0.2,6825.0,88.8,,0.9,Western Asia,667.2,78.2,8223.7,2.1,949.6,,22.3,64.3,18472.0,3154.0,Beirut
Lesotho,LS,Africa,https://api-ninjas-data.s3.us-west-2.amazonaws.com/flags/4x3/OzLT6c2U/ls.svg,2631.0,97.4,30355.0,50.4,22.8,43.6,2.9,71.3,8.4,,1.6,1173.0,56.8,12.4,8.0,117.8,62.3,1.2,2142.0,28.6,52.8,0.8,Southern Africa,70.6,29.0,1248.0,3.2,0.1,124.1,41.9,49.6,1171.0,345.0,Maseru
Liberia,LR,Africa,https://api-ninjas-data.s3.us-west-2.amazonaws.com/flags/4x3/PQvZmsxZ/lr.svg,2122.0,101.1,111369.0,62.2,2.7,3.3,3.4,32.9,43.0,,43.4,,65.0,9.2,14.7,84.7,54.1,1.2,5058.0,51.6,42.8,2.5,Western Africa,52.5,8.0,440.3,4.4,8.8,85.5,10.1,46.9,345.0,841.0,Monrovia
Libya,LY,Africa,https://api-ninjas-data.s3.us-west-2.amazonaws.com/flags/4x3/fIWX6UoQ/ly.svg,34377.0,101.9,1676198.0,69.9,18.6,,0.5,106.0,18.8,41.5,0.1,34.0,75.7,,,106.6,10.5,17.9,6871.0,80.4,90.2,1.4,Northern Africa,3.9,21.8,5147.3,2.2,321.4,111.3,21.7,59.5,2450.0,489.0,Tripoli
Liechtenstein,LI,Europe,https://api-ninjas-data.s3.us-west-2.amazonaws.com/flags/4x3/na5ZoU0r/li.svg,6796.0,98.4,160.0,,2.6,2.6,0.5,105.1,,,43.1,85.0,,27.4,43.6,102.9,,2.0,39.0,14.4,129.1,0.7,Western Europe,241.5,98.1,179258.2,1.5,0.2,106.3,,,,,Vaduz
Lithuania,LT,Europe,https://api-ninjas-data.s3.us-west-2.amazonaws.com/flags/4x3/kT8luvar/lt.svg,53455.0,86.2,65286.0,70.0,6.3,4.6,-1.1,106.0,6.6,10.8,34.8,2825.0,81.1,84.0,61.4,103.9,4.0,3.6,2722.0,67.9,110.6,-1.5,Northern Europe,43.4,79.7,19082.5,1.7,5.1,103.9,25.9,67.4,35612.0,33123.0,Vilnius
Luxembourg,LU,Europe,https://api-ninjas-data.s3.us-west-2.amazonaws.com/flags/4x3/GioAroeV/lu.svg,70920.0,102.3,2586.0,79.8,5.2,0.3,2.6,104.8,1.0,8.6,35.7,1018.0,84.2,20.1,18.2,102.0,2.9,3.1,626.0,91.2,102.6,2.0,Western Europe,241.7,97.1,117369.5,1.4,5.7,102.6,11.5,87.5,23057.0,15433.0,Luxembourg
Madagascar,MG,Africa,,13851.0,99.6,587295.0,64.9,1.8,,4.7,37.1,63.8,,21.4,291.0,68.1,5.2,5.5,143.1,29.0,4.6,27691.0,37.9,36.0,2.7,Eastern Africa,47.6,9.8,527.4,4.1,0.2,142.0,9.1,27.1,3603.0,2689.0,Antananarivo
Malawi,MW,Africa,https://api-ninjas-data.s3.us-west-2.amazonaws.com/flags/4x3/Qz9UQ53m/mw.svg,7196.0,97.3,118484.0,60.3,5.7,1.8,3.9,39.9,43.2,,33.4,871.0,66.6,0.6,1.0,143.1,41.3,4.0,19130.0,17.2,40.6,2.7,Eastern Africa,202.9,13.8,396.6,4.2,39.3,141.8,13.8,43.0,360.0,819.0,Lilongwe
Malaysia,MY,Asia,https://api-ninjas-data.s3.us-west-2.amazonaws.com/flags/4x3/LTNgejiP/my.svg,358579.0,105.7,330323.0,74.0,3.4,2.1,2.7,85.4,10.1,211.0,67.6,25832.0,78.1,49.9,40.7,106.0,5.9,4.7,32366.0,76.6,78.8,1.3,South-Eastern Asia,98.5,81.2,11373.3,2.0,266.5,104.6,26.8,63.1,204906.0,238089.0,Kuala Lumpur
Maldives,MV,Asia,https://api-ninjas-data.s3.us-west-2.amazonaws.com/flags/4x3/UaCn6swN/mv.svg,5327.0,173.5,300.0,77.1,6.4,0.7,3.9,,8.2,,3.3,1484.0,80.4,59.8,16.6,98.1,6.8,6.9,540.0,40.2,,3.4,Southern Asia,1801.8,63.2,10330.6,1.9,,96.2,18.3,73.4,2883.0,163.0,Male
Mali,ML,Africa,https://api-ninjas-data.s3.us-west-2.amazonaws.com/flags/4x3/Rvhe4kKU/ml.svg,17172.0,100.4,1240192.0,58.0,7.3,,5.0,37.0,62.3,,3.9,193.0,59.5,2.7,6.3,71.6,65.8,6.7,20251.0,43.1,45.0,3.0,Western Africa,16.6,13.0,900.1,5.9,182.9,79.5,7.6,30.2,8277.0,879.0,Bamako
Malta,MT,Europe,https://api-ninjas-data.s3.us-west-2.amazonaws.com/flags/4x3/bFP7gtyo/mt.svg,14549.0,100.6,315.0,80.4,3.4,1.6,0.6,104.7,0.9,1.5,1.1,2599.0,84.1,63.2,46.0,105.1,5.0,6.6,442.0,94.7,104.8,0.4,Southern Europe,1379.8,81.7,33122.8,1.4,10.7,104.9,18.0,81.0,8211.0,4143.0,Valletta
Marshall Islands,MH,Oceania,https://api-ninjas-data.s3.us-west-2.amazonaws.com/flags/4x3/VYStgYfe/mh.svg,214.0,104.5,181.0,71.3,4.7,,0.8,66.6,11.0,,70.2,7.0,72.5,23.8,23.5,84.6,25.4,2.6,53.0,77.4,62.4,0.1,Micronesia,295.8,38.7,3666.9,4.1,,84.9,9.4,79.6,71.0,34.0,Majuro
Mauritania,MR,Africa,https://api-ninjas-data.s3.us-west-2.amazonaws.com/flags/4x3/5EQ4AXsh/mr.svg,7620.0,100.9,1030700.0,63.0,9.6,,4.8,37.1,50.6,,0.2,,66.2,3.3,6.6,102.8,53.4,3.6,4650.0,54.5,36.5,2.8,Western Africa,4.5,20.8,1730.4,4.6,87.3,97.1,13.1,36.3,3525.0,2301.0,Nouakchott
Mauritius,MU,Africa,https://api-ninjas-data.s3.us-west-2.amazonaws.com/flags/4x3/wyNRfYgY/mu.svg,14220.0,97.4,1969.0,71.4,6.7,2.9,-0.1,97.8,5.9,4.2,19.0,1399.0,78.2,47.5,33.9,102.5,11.2,3.8,1272.0,40.8,92.5,0.2,Eastern Africa,626.5,58.6,11222.0,1.4,0.0,99.8,25.1,69.0,5601.0,1876.0,Port Louis
Mexico,MX,North America,https://api-ninjas-data.s3.us-west-2.amazonaws.com/flags/4x3/INqJEDmp/mx.svg,1223401.0,95.8,1964375.0,72.1,3.6,29.1,1.8,108.2,12.4,446.0,34.0,41313.0,77.8,40.6,39.8,106.0,13.5,2.0,128933.0,80.4,100.7,1.1,Central America,66.3,65.8,9694.9,2.1,302.1,105.5,26.2,61.4,467293.0,472273.0,Mexico City
Micronesia,FM,Oceania,https://api-ninjas-data.s3.us-west-2.amazonaws.com/flags/4x3/jBP0PjOa/fm.svg,371.0,103.4,702.0,66.1,,,0.3,86.6,,,91.8,19.0,69.4,,,96.0,23.5,1.4,115.0,22.8,79.9,1.1,Micronesia,164.3,35.3,3296.4,3.1,0.0,98.3,,,8.0,1.0,Palikir
Moldova,MD,Europe,https://api-ninjas-data.s3.us-west-2.amazonaws.com/flags/4x3/mzkYjkMT/md.svg,11309.0,91.9,33846.0,67.4,5.4,4.1,-0.2,86.5,35.4,7.5,12.4,160.0,75.9,45.7,34.2,90.6,12.4,2.8,4034.0,42.7,87.3,-0.2,Eastern Europe,122.8,76.1,2791.0,1.3,4.2,90.6,17.1,47.5,5842.0,2779.0,Chisinau
Monaco,MC,Europe,https://api-ninjas-data.s3.us-west-2.amazonaws.com/flags/4x3/pyFsCbRT/mc.svg,7188.0,94.7,2.0,,,0.0,0.6,,,,,347.0,,,,,,6.1,39.0,100.0,,0.5,Western Europe,26373.8,97.1,185835.0,,0.0,,,,,,Monaco
Mongolia,MN,Asia,https://api-ninjas-data.s3.us-west-2.amazonaws.com/flags/4x3/i875qQyF/mn.svg,13010.0,97.1,1564116.0,65.5,6.0,6.2,2.1,94.8,26.9,19.3,8.1,529.0,73.8,76.7,54.7,102.8,18.1,6.7,3278.0,68.5,88.3,1.8,Eastern Asia,2.1,47.2,4103.7,2.9,0.1,105.3,19.5,53.6,6039.0,7433.0,Ulaanbaatar
Montenegro,ME,Europe,https://api-ninjas-data.s3.us-west-2.amazonaws.com/flags/4x3/fJtsU9ef/me.svg,5507.0,97.8,13812.0,74.2,14.8,2.2,0.6,90.5,7.8,2.2,61.5,2077.0,79.1,64.9,47.9,97.6,2.8,5.1,628.0,67.2,89.3,0.0,Southern Europe,46.7,71.5,8771.7,1.8,13.6,102.2,19.2,73.0,2903.0,459.0,Podgorica
Morocco,MA,Africa,https://api-ninjas-data.s3.us-west-2.amazonaws.com/flags/4x3/lKFyDL8C/ma.svg,117921.0,98.5,446550.0,75.1,9.0,1.4,2.4,76.6,34.1,58.1,12.6,12289.0,77.5,35.7,36.2,111.5,19.9,3.7,36911.0,63.0,83.7,1.3,Northern Africa,82.7,64.8,3272.9,2.4,9.1,116.1,21.8,44.0,51075.0,29328.0,Rabat
Mozambique,MZ,Africa,https://api-ninjas-data.s3.us-west-2.amazonaws.com/flags/4x3/lMFXx1BN/mz.svg,14717.0,94.5,799380.0,57.0,3.2,3.5,4.5,33.4,69.9,7.6,48.2,2743.0,62.8,6.5,8.1,108.4,53.9,3.4,31255.0,36.5,37.4,2.9,Eastern Africa,39.7,10.0,498.9,4.9,25.1,116.8,8.6,21.5,8270.0,5878.0,Maputo
Myanmar (Burma),MM,Asia,https://api-ninjas-data.s3.us-west-2.amazonaws.com/flags/4x3/l6bxGYnU/mm.svg,,,,,,,,,,,,,,,,,,,,,,,,,,,,,,,,,,
Namibia,,Africa,,14519.0,94.1,824116.0,60.0,20.6,17.7,4.6,70.0,21.8,4.0,8.4,1499.0,65.8,30.3,15.3,122.1,33.4,-0.1,2541.0,51.0,61.5,1.9,Southern Africa,3.1,51.0,5930.1,3.4,4.3,126.4,16.4,61.8,8086.0,6258.0,Windhoek
Nauru,NR,Oceania,https://api-ninjas-data.s3.us-west-2.amazonaws.com/flags/4x3/XErDNIhY/nr.svg,127.0,101.9,21.0,57.8,23.0,,2.3,83.6,,,0.0,,64.8,,,123.2,18.0,-4.0,11.0,100.0,81.9,-0.1,Micronesia,561.4,57.0,11875.9,3.9,1.2,129.7,,,,,Yaren
Nepal,NP,Asia,https://api-ninjas-data.s3.us-west-2.amazonaws.com/flags/4x3/watCqtle/np.svg,27830.0,84.5,147181.0,68.8,1.5,2.3,3.2,83.0,64.5,10.1,25.4,1173.0,71.7,12.8,12.0,143.5,27.9,6.7,29137.0,20.2,77.4,1.5,Southern Asia,203.3,34.0,990.6,1.9,19.3,140.8,15.3,20.2,4737.0,588.0,Kathmandu
Netherlands,NL,Europe,https://api-ninjas-data.s3.us-west-2.amazonaws.com/flags/4x3/MZLbbJUC/nl.svg,914105.0,99.3,41542.0,80.3,3.0,0.6,1.0,136.5,2.0,155.6,11.2,18780.0,83.8,90.9,79.3,104.2,2.5,2.6,17135.0,91.9,134.7,0.2,Western Europe,508.2,94.7,53583.1,1.7,109.1,104.2,15.8,82.2,514513.0,577617.0,Amsterdam
New Zealand,NZ,Oceania,https://api-ninjas-data.s3.us-west-2.amazonaws.com/flags/4x3/x6rOHCxa/nz.svg,207921.0,96.7,268107.0,80.3,4.0,0.7,1.1,118.2,5.6,32.2,38.6,3686.0,83.8,97.2,67.9,100.2,3.8,2.8,4822.0,86.6,111.1,0.9,Oceania,18.3,90.8,43836.2,1.9,2.6,99.8,19.4,75.1,42271.0,39540.0,Wellington
Nicaragua,NI,North America,https://api-ninjas-data.s3.us-west-2.amazonaws.com/flags/4x3/383NJhFO/ni.svg,13118.0,97.2,130373.0,70.6,7.4,7.2,1.5,78.0,30.6,5.1,25.9,1256.0,77.7,,,120.1,16.8,-3.8,6625.0,58.8,69.1,1.2,Central America,55.0,27.9,2028.9,2.4,0.8,121.1,15.6,53.8,8426.0,3998.0,Managua
Niger,NE,Africa,https://api-ninjas-data.s3.us-west-2.amazonaws.com/flags/4x3/cwWZQFuA/ne.svg,421821.0,102.8,923768.0,53.3,8.0,34.5,4.6,39.8,34.7,86.0,7.7,1889.0,55.1,8.3,12.0,82.2,62.1,1.9,206140.0,51.2,44.1,2.6,Western Africa,226.3,42.0,2153.5,5.4,2211.1,87.2,12.2,53.1,72765.0,79964.0,Abuja
Nigeria,NG,Africa,https://api-ninjas-data.s3.us-west-2.amazonaws.com/flags/4x3/q5UAJTJY/ng.svg,421821.0,102.8,923768.0,53.3,8.0,34.5,4.6,39.8,34.7,86.0,7.7,1889.0,55.1,8.3,12.0,82.2,62.1,1.9,206140.0,51.2,44.1,2.6,Western Africa,226.3,42.0,2153.5,5.4,2211.1,87.2,12.2,53.1,72765.0,79964.0,Abuja
North Korea,KP,Asia,https://api-ninjas-data.s3.us-west-2.amazonaws.com/flags/4x3/rYPpNAL9/kp.svg,,,,,,,,,,,,,,,,,,,,,,,,,,,,,,,,,,
North Macedonia,MK,Europe,https://api-ninjas-data.s3.us-west-2.amazonaws.com/flags/4x3/7vFORxIV/mk.svg,12629.0,100.1,25713.0,73.6,16.4,1.2,0.2,80.3,15.1,7.4,39.6,707.0,77.6,48.6,36.7,97.1,10.7,3.3,2083.0,58.2,82.5,0.0,Southern Europe,82.6,79.2,6062.9,1.5,17.6,97.2,31.4,53.5,9470.0,7186.0,Skopje
Norway,NO,Europe,https://api-ninjas-data.s3.us-west-2.amazonaws.com/flags/4x3/2ZwxPABO/no.svg,434167.0,102.2,386194.0,80.2,3.3,0.5,1.7,114.2,2.0,34.8,33.2,5688.0,84.2,98.7,66.3,100.2,2.1,1.3,5421.0,82.6,119.4,0.8,Northern Europe,14.8,96.5,81335.7,1.7,59.9,100.3,19.1,78.9,86145.0,104030.0,Oslo
Oman,OM,Asia,https://api-ninjas-data.s3.us-west-2.amazonaws.com/flags/4x3/L5bTn7tw/om.svg,92111.0,194.1,309500.0,75.8,2.6,0.3,8.0,102.5,4.4,65.5,0.0,2301.0,80.0,55.6,26.4,108.6,7.3,2.1,5107.0,85.4,111.0,3.6,Western Asia,16.5,80.2,19072.8,2.9,0.6,98.6,32.8,62.7,23383.0,38723.0,Muscat
Pakistan,PK,Asia,https://api-ninjas-data.s3.us-west-2.amazonaws.com/flags/4x3/zeDyYd2m/pk.svg,282346.0,106.0,796095.0,66.1,4.4,3.9,2.7,39.1,35.9,183.4,1.9,966.0,68.0,8.3,9.6,86.1,61.3,5.4,220892.0,36.9,45.9,2.0,Southern Asia,286.5,15.5,1330.4,3.6,1518.4,102.0,25.8,38.3,50047.0,23759.0,Islamabad
Palau,PW,Oceania,https://api-ninjas-data.s3.us-west-2.amazonaws.com/flags/4x3/0ea9Q50r/pw.svg,284.0,113.3,459.0,68.1,4.2,11.2,1.7,122.9,2.4,,87.6,106.0,77.8,66.4,43.9,105.2,13.3,1.7,22.0,80.5,110.8,1.1,Micronesia,48.8,,15859.4,2.2,0.0,119.6,11.8,85.9,169.0,8.0,Melekeok
Palestine State,PS,Asia,https://api-ninjas-data.s3.us-west-2.amazonaws.com/flags/4x3/3sYX8uhd/ps.svg,,,,,,,,,,,,,,,,,,,,,,,,,,,,,,,,,,
Panama,PA,North America,https://api-ninjas-data.s3.us-west-2.amazonaws.com/flags/4x3/XiG38CPD/pa.svg,65055.0,100.2,75320.0,75.1,3.8,9.4,2.2,78.3,13.7,9.6,62.3,1785.0,81.5,58.6,37.3,93.4,14.1,3.7,4315.0,68.1,74.1,1.7,Central America,58.0,57.9,15575.1,2.5,113.5,95.4,18.8,67.5,12836.0,713.0,Panama City
Papua New Guinea,PG,Oceania,https://api-ninjas-data.s3.us-west-2.amazonaws.com/flags/4x3/EVBhMrb3/pg.svg,23077.0,104.3,462840.0,62.9,2.5,9.8,2.2,39.9,57.8,,74.1,140.0,65.4,,,103.6,41.9,0.0,8947.0,13.2,54.7,2.0,Melanesia,19.8,11.2,2681.4,3.6,9.9,113.2,6.7,35.5,3130.0,11798.0,Port Moresby
Paraguay,PY,South America,https://api-ninjas-data.s3.us-west-2.amazonaws.com/flags/4x3/uvs0CBio/py.svg,40307.0,103.3,406752.0,72.1,4.8,7.1,1.8,78.6,19.9,7.7,38.6,1181.0,76.2,40.9,28.6,103.0,19.0,4.0,7132.0,61.9,73.3,1.3,South America,18.0,65.0,5794.6,2.4,4.3,105.7,17.9,62.1,12360.0,12425.0,AsunciãN
Peru,PE,South America,https://api-ninjas-data.s3.us-west-2.amazonaws.com/flags/4x3/2gf9xUn8/pe.svg,222237.0,98.7,1285216.0,73.7,3.2,7.9,1.6,103.6,27.2,49.7,57.8,4419.0,79.2,72.7,68.7,105.1,12.8,4.0,32972.0,78.1,109.3,1.6,South America,25.8,52.5,6947.3,2.3,860.1,108.8,15.3,57.5,42376.0,46132.0,Lima
Philippines,PH,Asia,https://api-ninjas-data.s3.us-west-2.amazonaws.com/flags/4x3/QFVJSBdT/ph.svg,330910.0,100.9,300000.0,67.1,2.2,6.5,2.1,90.6,22.5,126.5,27.0,7168.0,75.3,40.4,30.8,105.5,19.7,6.2,109581.0,47.1,82.0,1.4,South-Eastern Asia,367.5,60.1,3102.7,2.6,226.8,109.4,19.8,57.6,117247.0,70927.0,Manila
Poland,PL,Europe,https://api-ninjas-data.s3.us-west-2.amazonaws.com/flags/4x3/6iDkdYLV/pl.svg,585661.0,94.0,312679.0,74.5,3.0,0.7,-0.2,108.1,8.9,305.8,30.8,19622.0,82.4,81.9,54.4,100.0,3.3,5.1,37847.0,60.0,111.7,-0.1,Eastern Europe,123.6,77.5,15444.0,1.4,26.5,100.0,32.0,59.1,246654.0,251865.0,Warsaw
Portugal,PT,Europe,https://api-ninjas-data.s3.us-west-2.amazonaws.com/flags/4x3/40CJbKsI/pt.svg,240792.0,89.8,92226.0,78.7,5.9,0.8,0.5,118.7,5.7,50.8,34.7,16186.0,84.6,67.7,60.1,104.4,3.0,2.4,10197.0,65.8,121.1,-0.3,Southern Europe,111.3,74.7,23477.7,1.3,3.0,107.9,24.6,69.8,89929.0,67012.0,Lisbon
Qatar,QA,Asia,https://api-ninjas-data.s3.us-west-2.amazonaws.com/flags/4x3/fdVoiWqL/qa.svg,191362.0,302.4,11607.0,78.9,0.1,0.4,6.7,102.7,1.2,80.1,0.0,1819.0,81.8,54.9,7.0,104.4,6.3,1.5,2881.0,99.2,108.3,2.3,Western Asia,248.2,99.7,68793.7,1.9,1.5,103.3,54.4,44.5,29178.0,72935.0,Doha
Romania,RO,Europe,https://api-ninjas-data.s3.us-west-2.amazonaws.com/flags/4x3/PZyj9S6N/ro.svg,239552.0,94.6,238391.0,72.4,3.9,1.3,-0.5,91.4,21.3,70.8,29.8,11720.0,79.3,55.4,43.8,84.6,6.7,4.0,19238.0,54.1,91.1,-0.7,Eastern Europe,83.6,70.7,12280.8,1.6,4.8,85.7,30.1,48.6,96644.0,77299.0,Bucharest
Russia,RU,Europe,https://api-ninjas-data.s3.us-west-2.amazonaws.com/flags/4x3/FBZtunmE/ru.svg,1660514.0,86.4,17098246.0,66.8,4.4,8.2,0.2,102.1,5.6,1536.9,49.8,24551.0,77.5,89.1,75.0,102.3,5.8,2.3,145934.0,74.6,104.7,0.1,Eastern Europe,8.9,80.9,11394.1,1.8,135.5,102.8,26.6,67.8,247161.0,426720.0,Moscow
Rwanda,RW,Africa,https://api-ninjas-data.s3.us-west-2.amazonaws.com/flags/4x3/0QBKgABb/rw.svg,9510.0,96.7,26338.0,66.3,1.0,2.6,2.6,43.3,61.7,,19.5,932.0,70.5,6.0,7.5,132.1,29.2,8.6,12952.0,17.3,38.5,2.6,Eastern Africa,525.0,21.8,773.0,4.1,150.1,134.0,9.1,29.2,3214.0,992.0,Kigali
Saint Kitts and Nevis,KN,North America,https://api-ninjas-data.s3.us-west-2.amazonaws.com/flags/4x3/WFNy0UfL/kn.svg,1011.0,97.0,261.0,,,36.1,0.8,108.7,,,42.3,125.0,,115.9,57.7,107.1,,2.9,57.0,30.8,105.1,0.9,Caribbean,218.5,80.7,19275.4,,0.0,110.4,,,338.0,63.0,Basseterre
Saint Lucia,LC,North America,https://api-ninjas-data.s3.us-west-2.amazonaws.com/flags/4x3/x0zqw5bl/lc.svg,1922.0,97.0,539.0,74.7,20.2,21.4,0.6,89.4,17.0,,33.3,395.0,77.4,18.7,9.4,103.2,12.5,0.9,184.0,18.8,89.3,0.5,Caribbean,301.0,50.8,10566.0,1.4,0.0,102.1,18.3,64.7,598.0,55.0,Castries
Saint Vincent and the Grenadines,VC,North America,https://api-ninjas-data.s3.us-west-2.amazonaws.com/flags/4x3/7KurvnPU/vc.svg,811.0,102.7,389.0,70.1,18.9,36.5,0.8,108.7,10.5,,69.2,80.0,74.9,29.8,17.8,112.7,14.6,2.2,111.0,52.6,105.9,0.3,Caribbean,284.5,22.4,7361.3,1.9,,114.1,19.9,69.5,335.0,37.0,Kingstown
Samoa,WS,Oceania,https://api-ninjas-data.s3.us-west-2.amazonaws.com/flags/4x3/vlVnJJ3u/ws.svg,833.0,107.3,2842.0,71.1,8.4,3.1,-0.4,98.0,29.9,,60.4,164.0,75.2,,,110.4,13.4,0.7,198.0,18.1,88.8,0.5,Polynesia,70.1,33.6,4249.6,3.9,0.0,110.6,23.3,46.9,390.0,32.0,Apia
San Marino,SM,Europe,https://api-ninjas-data.s3.us-west-2.amazonaws.com/flags/4x3/FPwSgXxy/sm.svg,1638.0,94.9,61.0,81.7,6.6,0.0,1.4,63.8,0.3,,0.0,84.0,86.4,36.0,48.6,116.9,,1.1,34.0,97.4,71.5,0.5,Southern Europe,563.5,60.2,48472.7,,,100.4,34.3,65.4,,,San Marino
Sao Tome and Principe,ST,Africa,https://api-ninjas-data.s3.us-west-2.amazonaws.com/flags/4x3/hhZX6m29/st.svg,411.0,100.2,964.0,67.7,13.7,3.3,3.8,95.9,18.7,,55.8,33.0,72.4,13.7,13.1,105.0,26.4,2.2,219.0,73.6,82.9,1.9,Middle Africa,228.3,29.9,1948.1,4.4,,108.5,18.4,62.9,165.0,14.0,Sao Tome
Saudi Arabia,SA,Asia,https://api-ninjas-data.s3.us-west-2.amazonaws.com/flags/4x3/76nygKQD/sa.svg,782483.0,137.1,2206714.0,73.7,5.9,1.3,3.1,106.8,2.3,532.2,0.5,15334.0,76.5,69.9,66.3,100.3,6.3,2.2,34814.0,84.1,113.2,1.9,Western Asia,16.2,93.3,23217.2,2.3,72.5,99.2,24.8,72.9,136472.0,259208.0,Riyadh
Senegal,SN,Africa,https://api-ninjas-data.s3.us-west-2.amazonaws.com/flags/4x3/PRQBs36c/sn.svg,23809.0,95.3,196712.0,65.3,6.7,0.3,3.9,45.7,29.4,8.3,43.0,1365.0,69.4,10.3,15.2,86.1,32.7,6.8,16744.0,47.7,41.7,2.8,Western Africa,87.0,46.0,1501.7,4.6,16.2,75.9,13.6,56.9,8143.0,4175.0,Dakar
Serbia,RS,Europe,https://api-ninjas-data.s3.us-west-2.amazonaws.com/flags/4x3/fZKE3dCb/rs.svg,50597.0,96.0,88499.0,73.2,12.7,1.2,-0.1,95.6,15.1,46.1,31.1,1711.0,78.4,78.3,56.7,100.3,4.9,4.4,8737.0,56.3,94.6,-0.3,Southern Europe,99.9,73.4,7208.8,1.5,250.7,100.3,27.4,57.6,26730.0,19630.0,Belgrade
Seychelles,SC,Africa,https://api-ninjas-data.s3.us-west-2.amazonaws.com/flags/4x3/5dpmuRI1/sc.svg,1590.0,105.3,457.0,69.8,4.1,12.5,1.3,84.2,3.6,,88.4,362.0,77.3,23.3,11.2,103.3,10.9,7.9,98.0,57.1,78.8,0.7,Eastern Africa,213.8,58.8,16377.9,2.5,0.0,97.6,17.9,78.2,1438.0,824.0,Victoria
Sierra Leone,SL,Africa,https://api-ninjas-data.s3.us-west-2.amazonaws.com/flags/4x3/gEHlUfL0/sl.svg,4101.0,99.6,72300.0,53.2,4.4,1.7,3.3,41.1,54.4,,42.2,57.0,54.8,,,114.7,80.8,4.6,7977.0,42.5,42.5,2.1,Western Africa,110.5,9.0,536.1,4.3,0.4,110.8,6.5,39.1,741.0,44.0,Freetown
Singapore,SG,Asia,https://api-ninjas-data.s3.us-west-2.amazonaws.com/flags/4x3/osraTPQq/sg.svg,361115.0,109.8,719.0,81.2,4.4,0.2,1.7,107.0,0.7,47.4,23.1,14673.0,85.5,91.2,78.9,100.6,1.6,3.2,5850.0,100.0,108.1,0.9,South-Eastern Asia,8357.6,88.2,62720.9,1.2,1.3,100.7,15.2,84.1,358975.0,390332.0,Singapore
Slovakia,SK,Europe,https://api-ninjas-data.s3.us-west-2.amazonaws.com/flags/4x3/vbJ55Eke/sk.svg,105956.0,94.9,49035.0,73.7,5.1,1.1,-0.2,91.6,2.1,32.2,40.3,2256.0,80.8,56.6,37.1,98.4,4.8,4.0,5460.0,53.7,90.5,0.1,Eastern Europe,113.5,80.7,19430.8,1.5,2.5,99.0,36.1,61.8,90979.0,90050.0,Bratislava
Slovenia,SI,Europe,https://api-ninjas-data.s3.us-west-2.amazonaws.com/flags/4x3/w2CHeUnA/si.svg,54034.0,99.2,20273.0,78.2,3.8,0.5,0.7,117.1,5.1,13.4,62.0,4425.0,83.8,93.0,64.9,100.6,1.9,4.1,2079.0,54.8,114.2,0.1,Southern Europe,103.2,79.8,26005.1,1.6,1.2,100.2,33.5,61.5,38179.0,37557.0,Ljubljana
Solomon Islands,SB,Oceania,https://api-ninjas-data.s3.us-west-2.amazonaws.com/flags/4x3/AgH8LYE1/sb.svg,1271.0,103.4,28896.0,71.1,0.5,3.8,4.3,47.0,37.1,,78.1,28.0,74.6,,,106.0,15.5,3.9,687.0,24.2,49.5,2.6,Melanesia,24.5,11.9,1946.9,4.4,0.0,106.4,9.6,53.4,348.0,611.0,Honiara
Somalia,SO,Africa,https://api-ninjas-data.s3.us-west-2.amazonaws.com/flags/4x3/taM27ICB/so.svg,1494.0,99.4,637657.0,55.3,11.4,,4.8,3.7,83.0,,10.1,,58.7,,,16.6,69.3,3.1,15893.0,45.6,8.1,2.8,Eastern Africa,25.3,2.0,99.6,6.1,2694.7,30.1,3.5,13.4,549.0,1179.0,Mogadishu
South Africa,ZA,Africa,https://api-ninjas-data.s3.us-west-2.amazonaws.com/flags/4x3/Yjna4Rgq/za.svg,368094.0,97.1,1221037.0,60.2,28.5,36.4,2.2,109.0,5.0,421.7,7.6,10472.0,67.1,26.4,18.4,99.1,27.2,0.8,59309.0,66.9,100.4,1.4,Southern Africa,48.9,56.2,6369.2,2.4,273.5,102.6,22.7,72.3,88037.0,89396.0,Pretoria
South Korea,KR,Asia,https://api-ninjas-data.s3.us-west-2.amazonaws.com/flags/4x3/QeTud6pX/kr.svg,,,,,,,,,,,,,,,,,,,,,,,,,,,,,,,,,,
South Sudan,SS,Africa,https://api-ninjas-data.s3.us-west-2.amazonaws.com/flags/4x3/IvJ3bHuf/ss.svg,8207.0,100.2,658841.0,56.0,12.3,14.9,4.4,7.7,56.1,1.5,,,58.9,,,60.4,64.4,3.4,11194.0,19.9,14.3,0.9,Eastern Africa,18.3,8.0,747.7,4.7,2189.6,85.3,14.1,29.7,1238.0,1091.0,Juba
Spain,ES,Europe,https://api-ninjas-data.s3.us-west-2.amazonaws.com/flags/4x3/oQjOzYrz/es.svg,1419735.0,96.6,505944.0,80.6,13.0,0.6,0.1,126.9,4.0,253.4,36.9,82773.0,86.0,97.0,81.1,103.6,2.3,2.4,46755.0,80.6,125.2,0.0,Southern Europe,93.7,86.1,30405.8,1.3,149.1,101.9,20.2,75.8,375485.0,337215.0,Madrid
Sri Lanka,LK,Asia,https://api-ninjas-data.s3.us-west-2.amazonaws.com/flags/4x3/Z6Lkky6h/lk.svg,88942.0,92.1,65610.0,73.3,4.2,2.4,0.5,102.6,23.7,23.1,33.0,2334.0,80.0,23.4,15.8,99.6,7.6,3.2,21413.0,18.6,98.0,0.5,Southern Asia,341.5,34.1,4189.7,2.2,37.6,100.7,30.4,45.9,17992.0,12589.0,Colombo
Sudan,SD,Africa,https://api-ninjas-data.s3.us-west-2.amazonaws.com/flags/4x3/3DLxhwBE/sd.svg,50515.0,99.8,,63.1,16.6,5.1,2.8,47.0,39.7,18.8,,836.0,66.8,17.1,16.8,74.4,42.9,-2.3,43849.0,34.9,46.3,2.4,Northern Africa,24.8,30.9,1208.4,4.4,2974.1,79.2,15.9,44.4,12286.0,4127.0,Khartoum
Suriname,SR,South America,https://api-ninjas-data.s3.us-west-2.amazonaws.com/flags/4x3/CmCmdIEk/sr.svg,3458.0,101.0,163820.0,68.3,7.5,5.4,0.9,88.6,7.4,1.9,98.3,278.0,74.8,,,108.7,17.5,2.6,587.0,66.1,67.1,1.0,South America,3.8,48.9,6003.7,2.4,0.4,109.0,23.5,69.1,1711.0,1461.0,Paramaribo
Sweden,SE,Europe,https://api-ninjas-data.s3.us-west-2.amazonaws.com/flags/4x3/YZPABexP/se.svg,556086.0,100.4,438574.0,80.8,6.7,1.1,1.1,157.9,1.6,37.6,68.9,7440.0,84.4,82.1,52.7,127.4,2.0,2.2,10099.0,87.7,148.1,0.7,Northern Europe,24.6,92.1,55766.8,1.8,310.4,125.8,17.7,80.7,158710.0,160538.0,Stockholm
Switzerland,CH,Europe,https://api-ninjas-data.s3.us-west-2.amazonaws.com/flags/4x3/7rJhJDOq/ch.svg,705141.0,98.5,41291.0,81.6,4.8,0.6,1.2,100.2,2.9,37.1,31.7,10362.0,85.4,60.3,58.8,104.8,3.4,2.8,8655.0,73.8,104.7,0.8,Western Europe,219.0,89.7,82708.5,1.5,120.1,105.5,20.0,77.2,276292.0,313630.0,Bern
Syria,SY,Asia,https://api-ninjas-data.s3.us-west-2.amazonaws.com/flags/4x3/Fz44YDa4/sy.svg,16628.0,100.2,185180.0,65.9,8.4,0.9,-3.6,52.4,10.5,23.0,2.7,5070.0,77.7,42.8,37.5,80.2,15.5,2.4,17501.0,54.8,52.7,-0.6,Western Asia,95.3,34.3,981.3,2.8,6386.7,83.1,26.5,63.0,980.0,534.0,Damascus
Taiwan,TW,Asia,https://api-ninjas-data.s3.us-west-2.amazonaws.com/flags/4x3/KKy8ByXU/tw.svg,,,,,,,,,,,,,,,,,,,,,,,,,,,,,,,,,,
Tajikistan,TJ,Asia,https://api-ninjas-data.s3.us-west-2.amazonaws.com/flags/4x3/Z7DOIiG1/tj.svg,7523.0,101.6,142600.0,68.6,11.0,1.6,2.4,83.8,44.2,5.8,3.0,1035.0,73.0,26.9,35.5,100.3,29.3,7.1,9538.0,27.3,93.0,2.4,Central Asia,68.1,22.0,826.6,3.6,11.3,101.4,16.0,39.9,2773.0,2065.0,Dushanbe
Tanzania,TZ,Africa,https://api-ninjas-data.s3.us-west-2.amazonaws.com/flags/4x3/VADyJ1oa/tz.svg,57145.0,99.9,947303.0,63.0,2.0,6.5,5.5,30.1,64.9,10.1,52.0,1378.0,66.6,2.8,5.2,95.4,41.2,7.0,59734.0,34.5,28.8,3.0,Eastern Africa,67.4,25.0,1044.1,4.9,320.3,93.0,6.8,28.3,9434.0,4414.0,Dodoma
Thailand,TH,Asia,https://api-ninjas-data.s3.us-west-2.amazonaws.com/flags/4x3/EvBqhszr/th.svg,504992.0,94.8,513120.0,73.1,0.8,2.6,2.1,116.5,31.2,244.3,32.1,38178.0,80.6,57.8,41.0,99.8,7.8,4.1,69800.0,50.7,118.9,0.3,South-Eastern Asia,136.6,56.8,7273.6,1.5,576.9,99.8,22.5,46.3,216805.0,233674.0,Bangkok
Timor-Leste,TL,Asia,https://api-ninjas-data.s3.us-west-2.amazonaws.com/flags/4x3/TYPqwy8Y/tl.svg,2581.0,102.2,14919.0,67.2,4.6,4.1,3.5,87.0,43.7,,46.1,75.0,71.3,14.8,20.6,113.2,37.3,2.8,1318.0,30.9,80.3,1.9,South-Eastern Asia,88.7,27.5,2035.5,4.1,0.0,117.3,9.8,46.4,536.0,154.0,Dili
Togo,TG,Africa,https://api-ninjas-data.s3.us-west-2.amazonaws.com/flags/4x3/D9RNzM99/tg.svg,5165.0,99.0,56785.0,59.7,2.0,,4.0,52.1,37.2,2.1,3.5,573.0,61.4,9.8,19.2,121.5,49.7,4.9,8279.0,42.2,71.6,2.5,Western Africa,152.2,12.4,654.8,4.4,13.0,126.0,12.9,49.9,1844.0,917.0,Lomã
Tonga,TO,Oceania,https://api-ninjas-data.s3.us-west-2.amazonaws.com/flags/4x3/2h2PJGWa/to.svg,504.0,100.2,747.0,68.8,1.2,1.0,0.3,102.4,23.7,,12.5,54.0,72.7,,,116.0,12.5,-0.4,106.0,23.1,99.4,1.0,Polynesia,146.8,41.2,4885.8,3.6,0.0,116.7,29.2,47.1,311.0,15.0,Nuku'alofa
Trinidad and Tobago,TT,North America,https://api-ninjas-data.s3.us-west-2.amazonaws.com/flags/4x3/HmiJpAEG/tt.svg,23808.0,97.5,5127.0,70.7,2.8,30.6,0.2,,2.9,18.0,45.7,375.0,76.0,,,104.4,22.0,-0.2,1400.0,53.2,,0.4,Caribbean,272.8,77.3,17130.3,1.7,43.0,108.0,26.6,70.5,1951.0,12336.0,Port Of Spain
Tunisia,TN,Africa,https://api-ninjas-data.s3.us-west-2.amazonaws.com/flags/4x3/QrrQCHce/tn.svg,39895.0,98.4,163610.0,74.4,16.2,3.1,1.6,99.3,12.7,26.2,6.7,8299.0,78.5,41.2,22.8,114.9,12.7,2.5,11819.0,69.3,86.9,1.1,Northern Africa,76.1,64.2,3449.6,2.2,2.0,115.9,32.5,54.8,22453.0,15489.0,Tunis
Turkey,TR,Asia,https://api-ninjas-data.s3.us-west-2.amazonaws.com/flags/4x3/e4npYllN/tr.svg,771355.0,97.5,783562.0,74.3,12.9,2.6,2.4,103.4,18.0,378.6,15.2,45768.0,80.2,,,92.7,8.9,2.8,84339.0,75.6,108.5,1.4,Western Asia,109.6,71.0,9367.9,2.1,3940.1,93.6,26.1,55.9,210343.0,180839.0,Ankara
Turkmenistan,TM,Asia,https://api-ninjas-data.s3.us-west-2.amazonaws.com/flags/4x3/2T6BZbMk/tm.svg,40749.0,97.0,488100.0,64.5,4.1,4.2,2.5,84.0,19.5,69.0,8.8,8.0,71.5,6.2,9.7,87.5,43.3,6.2,6031.0,52.0,87.6,1.6,Central Asia,12.8,21.3,6964.6,2.8,5.2,89.2,42.6,37.9,2764.0,3962.0,Ashgabat
Tuvalu,TV,Oceania,https://api-ninjas-data.s3.us-west-2.amazonaws.com/flags/4x3/jwHfHbyP/tv.svg,46.0,102.0,26.0,67.4,6.5,18.6,2.6,71.2,,,33.3,3.0,71.9,,,82.5,10.3,7.0,12.0,63.2,62.5,0.9,Polynesia,383.3,49.3,4000.6,3.6,,89.4,,,12.0,0.0,Funafuti
Uganda,UG,Africa,https://api-ninjas-data.s3.us-west-2.amazonaws.com/flags/4x3/ChvZjUXa/ug.svg,30098.0,97.2,241550.0,60.4,1.9,10.5,6.0,21.8,72.4,,10.4,1402.0,65.0,4.1,5.6,104.1,46.1,8.9,45741.0,24.4,27.5,3.6,Eastern Africa,228.9,23.7,704.4,5.0,2445.8,101.3,6.6,20.9,7686.0,3597.0,Kampala
Ukraine,UA,Europe,https://api-ninjas-data.s3.us-west-2.amazonaws.com/flags/4x3/ydox7u92/ua.svg,130832.0,86.3,603500.0,66.8,8.9,6.2,-0.4,95.0,14.1,171.3,16.7,14104.0,76.6,88.8,76.8,100.1,7.2,3.3,43734.0,69.5,96.9,-0.5,Eastern Europe,75.5,62.6,2956.9,1.4,1540.4,98.0,24.8,61.1,60783.0,50060.0,Kyiv
United Arab Emirates,AE,Asia,https://api-ninjas-data.s3.us-west-2.amazonaws.com/flags/4x3/g2IOl3w9/ae.svg,414179.0,223.8,83600.0,77.1,2.4,0.5,2.4,100.4,1.4,196.5,4.5,21286.0,79.1,,,107.3,5.5,1.7,9890.0,86.8,109.3,1.3,Western Asia,118.3,98.4,43005.0,1.4,8.7,109.4,34.2,64.4,244712.0,412260.0,Abu Dhabi
United Kingdom,GB,Europe,https://api-ninjas-data.s3.us-west-2.amazonaws.com/flags/4x3/BFXrxLsq/gb.svg,2855297.0,97.7,242495.0,79.4,4.1,1.2,1.0,127.7,1.0,358.7,13.0,36316.0,82.9,69.4,51.0,101.0,3.8,1.4,67886.0,83.7,124.1,0.6,Northern Europe,280.6,94.9,42526.4,1.8,176.7,101.3,17.7,81.3,692580.0,468160.0,London
United States,US,North America,https://api-ninjas-data.s3.us-west-2.amazonaws.com/flags/4x3/8L07WqeX/us.svg,20580223.0,97.9,9833517.0,76.3,3.9,5.0,0.9,98.7,1.3,4761.3,33.9,79746.0,81.3,102.0,75.0,101.4,5.8,2.9,331003.0,82.5,99.2,0.6,Northern America,36.2,87.3,62917.9,1.8,1043.2,102.2,19.7,79.0,2567490.0,1644280.0,"Washington, D.C."
Uruguay,UY,South America,https://api-ninjas-data.s3.us-west-2.amazonaws.com/flags/4x3/aAnH2JTP/uy.svg,59597.0,93.5,173626.0,73.9,8.8,12.1,0.5,126.6,7.9,5.9,10.5,3469.0,81.3,58.0,34.5,107.6,8.7,1.6,3474.0,95.4,114.1,0.4,South America,19.8,74.8,17278.1,2.0,21.5,109.3,18.7,73.4,8226.0,7886.0,Montevideo
Uzbekistan,UZ,Asia,https://api-ninjas-data.s3.us-west-2.amazonaws.com/flags/4x3/7Q4lfgIW/uz.svg,50500.0,99.6,448969.0,69.4,6.1,1.1,1.5,92.7,23.3,81.2,7.6,5346.0,73.6,8.2,11.8,103.4,20.8,5.1,33469.0,50.4,93.9,1.6,Central Asia,78.7,55.2,1555.0,2.4,95.9,105.0,29.9,46.8,21867.0,14930.0,Tashkent
Vanuatu,VU,Oceania,https://api-ninjas-data.s3.us-west-2.amazonaws.com/flags/4x3/9OArxf2M/vu.svg,889.0,102.8,12189.0,68.8,4.4,,2.7,54.9,55.3,,36.1,116.0,71.9,,,107.8,22.4,3.2,307.0,25.4,53.5,2.5,Melanesia,25.2,25.7,3037.2,3.8,0.0,110.7,6.3,38.4,289.0,51.0,Port Vila
Venezuela,VE,South America,https://api-ninjas-data.s3.us-west-2.amazonaws.com/flags/4x3/v6fogB0x/ve.svg,208338.0,96.8,912050.0,68.4,9.4,36.7,1.4,91.6,8.4,113.7,52.9,427.0,76.1,100.3,59.3,96.0,25.7,-18.0,28436.0,88.2,84.7,-1.1,South America,32.2,72.0,7212.2,2.3,452.6,98.3,16.1,75.5,1051.0,3783.0,Caracas
Vietnam,VN,Asia,https://api-ninjas-data.s3.us-west-2.amazonaws.com/flags/4x3/y7EwmjRC/vn.svg,244901.0,99.7,330967.0,71.2,2.0,1.5,3.2,,36.2,191.2,47.6,15498.0,79.4,31.7,25.5,111.9,16.7,7.1,97339.0,36.6,,1.0,South-Eastern Asia,313.9,70.3,2563.2,2.1,34.1,109.5,28.4,35.4,253442.0,264610.0,Hanoi
Yemen,YE,Asia,https://api-ninjas-data.s3.us-west-2.amazonaws.com/flags/4x3/uA3JXVAO/ye.svg,26672.0,101.5,527968.0,64.4,12.8,6.8,4.4,43.3,28.6,8.9,1.0,367.0,67.7,6.2,14.0,87.1,43.2,-1.3,29826.0,37.3,59.6,2.4,Western Asia,56.5,26.7,935.9,3.8,3922.9,99.9,10.0,61.4,4716.0,24.0,Sana'a
Zambia,ZM,Africa,https://api-ninjas-data.s3.us-west-2.amazonaws.com/flags/4x3/gotdVzU2/zm.svg,27283.0,98.1,752612.0,60.3,11.4,5.4,4.3,,48.5,6.0,65.4,1072.0,66.2,3.5,4.8,99.9,45.6,4.1,18384.0,44.1,,2.9,Eastern Africa,24.7,14.3,1572.3,4.7,81.8,97.5,10.8,40.7,7221.0,7029.0,Lusaka
Zimbabwe,ZW,Africa,https://api-ninjas-data.s3.us-west-2.amazonaws.com/flags/4x3/J8rcpWMb/zw.svg,24312.0,91.3,390757.0,59.2,5.0,7.5,1.8,51.3,66.3,9.7,36.4,2580.0,62.2,9.2,10.9,108.7,38.7,4.8,14863.0,32.2,53.5,1.5,Eastern Africa,38.4,27.1,1683.8,3.6,20.8,111.1,6.5,27.2,4787.0,4279.0,Harare
